Haplotype,GenBank access no.,No. of individuals,GZ,XM,JS,TW,JP,SG,IT,LA01,LA11,NJ,TX,HW
H01,KC690896,6,1,1,0,0,0,0,0,4,0,0,0,0
H02,KC690897,5,5,0,0,0,0,0,0,0,0,0,0,0
H03,KC690898,113,20,9,23,4,8,0,13,5,23,0,0,8
H04,KC690899,3,3,0,0,0,0,0,0,0,0,0,0,0
H05,KC690900,1,1,0,0,0,0,0,0,0,0,0,0,0
H06,KC690901,2,2,0,0,0,0,0,0,0,0,0,0,0
H07,KC690902,1,0,1,0,0,0,0,0,0,0,0,0,0
H08,KC690903,9,0,9,0,0,0,0,0,0,0,0,0,0
H09,KC690904,1,0,1,0,0,0,0,0,0,0,0,0,0
H10,KC690905,1,0,1,0,0,0,0,0,0,0,0,0,0
H11,KC690906,1,0,1,0,0,0,0,0,0,0,0,0,0
H12,KC690907,2,0,2,0,0,0,0,0,0,0,0,0,0
H13,KC690908,2,0,2,0,0,0,0,0,0,0,0,0,0
H14,KC690909,1,0,1,0,0,0,0,0,0,0,0,0,0
H15,KC690910,1,0,1,0,0,0,0,0,0,0,0,0,0
H16,KC690911,7,0,0,7,0,0,0,0,0,0,0,0,0
H17,KC690912,26,0,0,0,19,0,0,2,0,1,0,2,2
H18,KC690913,1,0,0,0,1,0,0,0,0,0,0,0,0
H19,KC690914,2,0,0,0,1,0,0,0,0,1,0,0,0
H20,KC690915,1,0,0,0,1,0,0,0,0,0,0,0,0
H21,KC690916,1,0,0,0,1,0,0,0,0,0,0,0,0
H22,KC690917,3,0,0,0,2,0,0,0,0,1,0,0,0
H23,KC690918,1,0,0,0,1,0,0,0,0,0,0,0,0
H24,KC690919,23,0,0,0,0,6,17,0,0,0,0,0,0
H25,KC690920,1,0,0,0,0,1,0,0,0,0,0,0,0
H26,KC690921,1,0,0,0,0,0,1,0,0,0,0,0,0
H27,KC690922,8,0,0,0,0,0,8,0,0,0,0,0,0
H28,KC690923,1,0,0,0,0,0,1,0,0,0,0,0,0
H29,KC690924,1,0,0,0,0,0,1,0,0,0,0,0,0
H30,KC690925,2,0,0,0,0,0,2,0,0,0,0,0,0
H31,KC690926,2,0,0,0,0,0,2,0,0,0,0,0,0
H32,KC690927,1,0,0,0,0,0,1,0,0,0,0,0,0
H33,KC690928,1,0,0,0,0,0,1,0,0,0,0,0,0
H34,KC690929,1,0,0,0,0,0,1,0,0,0,0,0,0
H35,KC690930,1,0,0,0,0,0,1,0,0,0,0,0,0
H36,KC690931,1,0,0,0,0,0,0,1,0,0,0,0,0
H37,KC690932,40,0,0,0,0,0,0,4,0,0,20,16,0
H38,KC690933,1,0,0,0,0,0,0,1,0,0,0,0,0
H39,KC690934,6,0,0,0,0,0,0,2,0,0,0,4,0
H40,KC690935,2,0,0,0,0,0,0,2,0,0,0,0,0
H41,KC690936,4,0,0,0,0,0,0,4,0,0,0,0,0
H42,KC690937,1,0,0,0,0,0,0,1,0,0,0,0,0
H43,KC690938,1,0,0,0,0,0,0,1,0,0,0,0,0
H44,KC690939,1,0,0,0,0,0,0,1,0,0,0,0,0
H45,KC690940,2,0,0,0,0,0,0,0,2,0,0,0,0
H46,KC690941,1,0,0,0,0,0,0,0,1,0,0,0,0
H47,KC690942,1,0,0,0,0,0,0,0,1,0,0,0,0
H48,KC690943,2,0,0,0,0,0,0,0,2,0,0,0,0
H49,KC690944,7,0,0,0,0,0,0,0,0,7,0,0,0
H50,KC690945,1,0,0,0,0,0,0,0,0,1,0,0,0
H51,KC690946,2,0,0,0,0,0,0,0,0,0,2,0,0
H52,KC690947,4,0,0,0,0,0,0,0,0,0,4,0,0
H53,KC690948,2,0,0,0,0,0,0,0,0,0,2,0,0
H54,KC690949,2,0,0,0,0,0,0,0,0,0,2,0,0
H55,KC690950,3,0,0,0,0,0,0,0,0,0,0,3,0
H56,KC690951,2,0,0,0,0,0,0,0,0,0,0,2,0
H57,KC690952,1,0,0,0,0,0,0,0,0,0,0,1,0
H58,KC690953,1,0,0,0,0,0,0,0,0,0,0,1,0
H59,KC690954,1,0,0,0,0,0,0,0,0,0,0,1,0
H60,KC690955,1,0,0,0,0,0,0,0,0,0,0,1,0
H61,KC690956,16,0,0,0,0,0,0,0,0,0,0,0,16
H62,KC690957,2,0,0,0,0,0,0,0,0,0,0,0,2
H63,KC690958,1,0,0,0,0,0,0,0,0,0,0,0,1
H64,KC690959,1,0,0,0,0,0,0,0,0,0,0,0,1
H65,KC690960,1,0,0,0,0,0,0,0,0,0,0,0,1
H66,KC690961,1,0,0,0,0,0,0,0,0,0,0,0,1
